{
  "configName": "auth-cafe-configuration",
  "dataSources": [
    {
      "id": "participants",
      "host": "http://aim.tdameritrade.com/auth-session",
      "operations": [
        {
          "fetch": "/"
        },
        {
          "get": "/{event-id}"
        },
        {
          "delete": "taxId"
        },
        {
          "put": "id"
        }
      ]
    }
  ],
  "views": [
    {
      "name": "Participants",
      "id": "formParticipants",
      "type": "FormView",
      "dataSource": "participantsForm",
      "recordId": "token1",
      "formField": true,
      "columns": [
        {
          "id": "issuerParty",
          "label": "Issuer Party Id",
          "path": "/issuerParty",
          "readOnly": false
        },
        {
          "id": "taxId",
          "label": "taxId",
          "path": "/taxId",
          "readOnly": true
        },
        {
          "id": "employment",
          "label": "Employment",
          "path": "/employment",
          "displayer": {
            "type": "string",
            "separator": "\n",
            "pattern": "{employeeNumber}\n{hireDate}\n{terminateDate}"
          },
          "formatter": {
            "name": "changeDateFormat",
            "pattern": "{hireDate}",
            "type": "date"
          },
          "readOnly": false
        },
        {
          "id": "fullName",
          "label": "Full Name",
          "path": "/fullName",
          "displayer": {
            "type": "string",
            "separator": ",",
            "pattern": "{given}\n{middle}\n{family}"
          },
          "readOnly": false
        },
        {
          "id": "addresses",
          "label": "Addresses",
          "path": "/Addresses",
          "stateName": "participants",
          "homeChecked": false,
          "workChecked": true,
          "displayer": {
            "type": "string",
            "separator": "\n",
            "pattern": "{lineOne}\n{lineTwo}\n{city}\n{countrySubdivision}\n{postalCode}\n{countryCode}"
          },
          "readOnly": false
        },
        {
          "id": "phoneNumbers",
          "label": "phoneNumbers",
          "path": "/phoneNumbers",
          "stateName": "participants",
          "homeChecked": false,
          "workChecked": true,
          "displayer": {
            "type": "string",
            "pattern": "{digits}"
          },
          "readOnly": false
        },
        {
          "id": "emailAddresses",
          "label": "emailAddresses",
          "path": "/emailAddresses",
          "stateName": "participants",
          "homeChecked": true,
          "workChecked": false,
          "displayer": {
            "type": "string",
            "pattern": "{address}"
          },
          "readOnly": false
        },
        {
          "id": "id",
          "label": "id",
          "path": "/id",
          "readOnly": false
        },
        {
          "id": "promoted",
          "label": "promoted",
          "path": "/promoted",
          "formatter": {
            "name": "booleanFormater",
            "type": "boolean"
          },
          "readOnly": false
        },
        {
          "id": "birthDate",
          "label": "birthDate",
          "path": "/birthDate",
          "formatter": {
            "name": "changeDateFormat",
            "type": "date"
          },
          "readOnly": false
        },
        {
          "id": "uuid",
          "label": "uuid",
          "path": "/uuid",
          "readOnly": false
        }
      ]
    }
  ]
}