{
  "configName": "auth-cafe-configuration",
  "dataSources": [
    {
      "id": "participants",
      "host": "http://aim.tdameritrade.com/auth-session",
      "operations": [
        {
          "fetch": "/"
        },
        {
          "get": "/{event-id}"
        }
      ]
    }
  ],
  "views": [
    {
      "name": "Participants",
      "id": "participants",
      "type": "tableView",
      "dataSource": "participants",
      "recordId": "token1",
      "columns": [
        {
          "id": "issuerParty",
          "label": "Issuer Party Id",
          "path": "/issuerParty"
        },
        {
          "id": "taxId",
          "label": "taxId",
          "path": "/taxId"
        },
        {
          "id": "fullName",
          "label": "Full Name",
          "path": "/fullName"
        },
        {
          "id": "given",
          "label": "Given",
          "path": "/given"
        },
        {
          "id": "middle",
          "label": "Middle",
          "path": "/middle"
        },
        {
          "id": "family",
          "label": "Family",
          "path": "/family"
          
        },
        
        
        {
          "id": "employeeNumber",
          "label": "Employee-Number",
          "path": "/employeeNumber"
        },

        {
          "id": "hireDate",
          "label": "HireDate",
          "path": "/hireDate"
        },
{
          "id": "terminationDate",
          "label": "terminationDate",
          "path": "/terminationDate"
        },


        {
          "id": "birthDate",
          "label": "Birth Date",
          "path": "/BirthDate"
        },
        {
          "id": "emailAddress",
          "label": "Email Address",
          "path": "/emailAddress"
        },
        {
          "id": "id",
          "label": "Id",
          "path": "/id"
        },
        {
          "id": "uuid",
          "label": "UUID",
          "path": "/uuid"
        },
        {
          "id": "promoted",
          "label": "Promotrd",
          "path": "/promoted"
        }
      ]
    }
  
  ]
}